{
  "file": "face-1.png",
  "L": {
    "x": 0.33483147621154785,
    "y": 0.42071160674095154
  },
  "R": {
    "x": 0.1426457166671753,
    "y": 0.43276119232177734
  },
  "N": {
    "x": 0.12882733345031738,
    "y": 0.554526150226593
  },
  "M": {
    "x": 0.19105321168899536,
    "y": 0.6564122438430786
  },
  "C": {
    "x": 0.23873859643936157,
    "y": 0.42673639953136444
  },
  "D": 0.1925641290884032
}