{
  "image": "C:\\Users\\endererkaya\\OneDrive\\Desktop\\MIDTERM\\PART 2\\face-1.png",
  "label": "LEFT",
  "S": -0.5707774522148185,
  "C": [
    0.23873859643936157,
    0.42673639953136444
  ],
  "N": [
    0.12882733345031738,
    0.554526150226593
  ],
  "M": [
    0.19105321168899536,
    0.6564122438430786
  ],
  "D": 0.1925641290884032
}